{"cameraMode":{"drawMode":0,"name":"Shaded","section":"Shading Mode"},"sceneLighting":true,"audioPlay":false,"sceneViewState":{"m_AlwaysRefresh":false,"showFog":true,"showSkybox":true,"showFlares":true,"showImageEffects":true,"showParticleSystems":true,"showVisualEffectGraphs":true,"m_FxEnabled":true},"in2DMode":false,"pivot":{"x":-72.47840881347656,"y":14.718908309936524,"z":-111.26155090332031},"rotation":{"x":-0.0025776810944080354,"y":0.9942322969436646,"z":-0.03773778676986694,"w":-0.1014108806848526},"size":28.393644332885743,"orthographic":false}