{"cameraMode":{"drawMode":0,"name":"Shaded","section":"Shading Mode"},"sceneLighting":true,"audioPlay":false,"sceneViewState":{"m_AlwaysRefresh":false,"showFog":true,"showSkybox":true,"showFlares":true,"showImageEffects":true,"showParticleSystems":true,"showVisualEffectGraphs":true,"m_FxEnabled":true},"in2DMode":false,"pivot":{"x":18.952255249023439,"y":-76.33152770996094,"z":-169.1459197998047},"rotation":{"x":0.10118085145950318,"y":0.8960407376289368,"z":-0.26112568378448489,"w":0.34479573369026186},"size":107.15350341796875,"orthographic":false}