{"cameraMode":{"drawMode":0,"name":"Shaded","section":"Shading Mode"},"sceneLighting":true,"audioPlay":false,"sceneViewState":{"m_AlwaysRefresh":false,"showFog":true,"showSkybox":true,"showFlares":true,"showImageEffects":true,"showParticleSystems":true,"showVisualEffectGraphs":true,"m_FxEnabled":true},"in2DMode":false,"pivot":{"x":-7.572575569152832,"y":0.7919492721557617,"z":-32.76045227050781},"rotation":{"x":-0.09021987020969391,"y":-0.17707370221614839,"z":0.016310803592205049,"w":-0.9799333214759827},"size":17.11734962463379,"orthographic":false}