{"cameraMode":{"drawMode":0,"name":"Shaded","section":"Shading Mode"},"sceneLighting":true,"audioPlay":false,"sceneViewState":{"m_AlwaysRefresh":false,"showFog":true,"showSkybox":true,"showFlares":true,"showImageEffects":true,"showParticleSystems":true,"showVisualEffectGraphs":true,"m_FxEnabled":true},"in2DMode":false,"pivot":{"x":-103.26966857910156,"y":15.616050720214844,"z":20.835098266601564},"rotation":{"x":-0.13279710710048676,"y":0.21746987104415894,"z":-0.03115903027355671,"w":-0.9666037559509277},"size":70.91973876953125,"orthographic":false}